{"cameraMode":{"drawMode":0,"name":"Shaded","section":"Shading Mode"},"sceneLighting":false,"audioPlay":false,"sceneViewState":{"showFog":true,"showMaterialUpdate":false,"showSkybox":true,"showFlares":true,"showImageEffects":true,"showParticleSystems":true},"in2DMode":false,"pivot":{"x":1.7921812534332276,"y":-3.0622081756591799,"z":1.024552345275879},"rotation":{"x":0.561127245426178,"y":0.08530504256486893,"z":-0.058284878730773929,"w":0.8212583065032959},"size":8.14489459991455,"orthographic":false}